Underlying,Strike,IV,TTM,RF,DivRate
104.43912457838715,92.83891618235964,0.17,173,0.045,0.04677334837541552
