weight1,weight2,weight3
0.3533826402294056,0.5325503321917686,0.11406702757882572
