Asset1,Asset2,Asset3
0.049383767158847305,0.029740286893857895,0.040205563339443647
0.029740286893857895,0.030208185585659554,0.03144534499336812
0.040205563339443647,0.031445344993368124,0.05520858757840314
